title,link,mime,width,height
Рентген легких или флюорограмма. В чем разница? - блог клиники ...,https://domedica24.ru/wp-content/uploads/2023/08/Flyuorogramma-1024x1004.jpg,image/jpeg,1024,1004
File:Chest Xray PA 3-8-2010.png - Wikimedia Commons,https://upload.wikimedia.org/wikipedia/commons/c/c8/Chest_Xray_PA_3-8-2010.png,image/png,2412,1956
Рентген грудной клетки в СПб - цена 1600 руб | центр лучевой ...,https://domedica24.ru/wp-content/uploads/2023/08/Flyuorogramma.jpg,image/jpeg,2707,2654
Рентген легких в Одинцово - Альтамед+,https://www.altamedplus.ru/upload/delight.webpconverter/upload/iblock/70e/74999kice1nynslwgibqpc420yxjcx1z.jpg.webp?167471678418814,image/webp,691,389
КТ или рентген легких: что лучше? - блог клиники Доступная медицина,https://domedica24.ru/wp-content/uploads/2023/08/Ris-1-1.jpg,image/jpeg,2387,2398
Рентген легких Хмельницкий Ультрадиагностика записаться,https://mrt-ct.com.ua/images/renthen/renthen-lehen-1.jpg,image/jpeg,1920,1080
Рентген грудной клетки с определением кардио-торакального индекса ...,https://domedica24.ru/wp-content/uploads/2023/02/kardiotorakalnyj-indeks.jpg,image/jpeg,2768,2766
Рентген легких отличия от флюорографии,https://static.tildacdn.com/tild3035-6466-4465-b637-666234346539/-1024x856.jpg,image/jpeg,1024,856
Рентген легких здорового человека и зараженного COVID-19 (справа ...,https://lookaside.fbsbx.com/lookaside/crawler/media/?media_id=1926456810822320,image/,584,494
Рентген и флюорография - Медицинский центр Гиппократ,https://gippomed.ru/wp-content/uploads/2022/09/rentgen-i-flyuorografiya-2.jpg,image/jpeg,2000,1300
"Рентген легких в Москве, цены на платную рентгенографию легких в ...",https://www.medicina.ru/upload/iblock/0f4/u001fjd7gadae91eew9bfiz6wnvfn0rj/1.webp,image/webp,600,494
Рентген легких пройти в МЦ Норма в Муроме,https://norma33.ru/pics/catalogtop/dd/1451_Image.png,image/png,520,423
"ᐉ Рентген легких в Киеве, Цена, Левый берег м. Дарница",https://www.meddiagnostica.com.ua/wp-content/uploads/2015/02/22_4_250_241.png.webp,image/webp,250,241
Рентген лёгких,https://viterramed.ru/upload/iblock/4c3/4c3752b8f56da52c4da3ba29783311d2.jpg,image/jpeg,350,350
Рентген легких - показания к исследованию,https://mrt-vmsk.ru/images/988879004.jpg,image/jpeg,480,320
Пин от пользователя Halzinnie на доске мило | Рак лёгкого ...,https://i.pinimg.com/736x/bb/41/6b/bb416bc52c3578e18a51add4004d3bca.jpg,image/jpeg,640,480
"Рентген грудной клетки: что показывает, как проводится. Показания ...",https://www.fdoctor.ru/upload/iblock/501/rentgen_grudnoy_kletki.jpg,image/jpeg,410,336
"Покажет ли рентген пневмонию у взрослого и ребенка, всегда ли ...",https://secondopinions.ru/storage/posts/6215/prav_nizhn_pnevmonia1.jpg,image/jpeg,556,591
Новая мишень для терапии хронической обструктивной болезни легких ...,https://pcr.news/upload/iblock/dc4/dc4b026e80d5c8c200cac8590ad4e69f.jpg,image/jpeg,870,540
Рентген или КТ при коронавирусе - можно ли делать рентген после КТ ...,https://spb24mrt.ru/images/rentgen-ili-kt-pri-koronaviruse-4.webp,image/webp,650,297
